queue_type,left_id,right_id,left_name,right_name,left_department,right_department,confidence,priority_score,why_uncertain,reason,match_summary
Temporal veto,ele_69,,Shri Cauvery Restaurant 69,,electricity,,0.5,1.0,Owner names differ across departments - possible identity conflict or data error,temporal_veto_conflicting_owner_names;temporal_veto_same_day_far_cities_2025-06-15,Veto split this UBID and requires high-priority review.
Temporal veto,pol_69_dup,,Shri Cauevry Restaurant 69 Pvt Ltd,,pollution,,0.5,1.0,Owner names differ across departments - possible identity conflict or data error,temporal_veto_conflicting_owner_names;temporal_veto_same_day_far_cities_2025-06-15,Veto split this UBID and requires high-priority review.
Temporal veto,pol_69,,Shri Cauvery Restaurant 69 Pvt Ltd,,pollution,,0.5,1.0,Owner names differ across departments - possible identity conflict or data error,temporal_veto_conflicting_owner_names;temporal_veto_same_day_far_cities_2025-06-15,Veto split this UBID and requires high-priority review.
Temporal veto,fac_69,,Cauvery Restaurant 96 LLP,,factories,,0.5,1.0,Owner names differ across departments - possible identity conflict or data error,temporal_veto_conflicting_owner_names;temporal_veto_same_day_far_cities_2025-06-15,Veto split this UBID and requires high-priority review.
Temporal veto,pol_29,,M/s Ganesh Restaurant 29 Enterprises,,pollution,,0.5,1.0,Owner names differ across departments - possible identity conflict or data error,temporal_veto_conflicting_owner_names,Veto split this UBID and requires high-priority review.
Temporal veto,sho_69_dup,,Sri Cauvery Restaurant 96 Traders,,shops,,0.5,1.0,Owner names differ across departments - possible identity conflict or data error,temporal_veto_conflicting_owner_names;temporal_veto_same_day_far_cities_2025-06-15,Veto split this UBID and requires high-priority review.
Temporal veto,sho_69,,Sri Cauvery Restaurant 96 Traders,,shops,,0.5,1.0,Owner names differ across departments - possible identity conflict or data error,temporal_veto_conflicting_owner_names;temporal_veto_same_day_far_cities_2025-06-15,Veto split this UBID and requires high-priority review.
Temporal veto,ele_49,,Sri Kaveri Restaurant 49,,electricity,,0.5,1.0,Owner names differ across departments - possible identity conflict or data error,temporal_veto_conflicting_owner_names,Veto split this UBID and requires high-priority review.
Temporal veto,ele_48,,Bharath Lodging 48 Enterprises,,electricity,,0.5,1.0,Owner names differ across departments - possible identity conflict or data error,temporal_veto_conflicting_owner_names,Veto split this UBID and requires high-priority review.
Temporal veto,ele_29,,M/s Ganesh Restaurant 29 Restaurants,,electricity,,0.5,1.0,Owner names differ across departments - possible identity conflict or data error,temporal_veto_conflicting_owner_names,Veto split this UBID and requires high-priority review.
Temporal veto,fac_29,,Ganesh Restaurant 29 Pvt Ltd,,factories,,0.5,1.0,Owner names differ across departments - possible identity conflict or data error,temporal_veto_conflicting_owner_names,Veto split this UBID and requires high-priority review.
Ambiguous match,pol_79_dup,sho_79,Shri Navarasa Restaurant 79 Pvt Ltd,Ms/ Navarasa Restaurant 79 Traders,pollution,shops,0.8258,0.7646,Strong behavioural pattern but weak identifiers,weighted_fellegi_sunter|behavioural_lag_boost_lag=0_days_cycles=4,PAN=0.0 GSTIN=0.3 NAME=0.1258 ADDR=0.05 PIN=0.05 PH=0.0 BOOST=0.3
Ambiguous match,ele_19_dup,pol_19,Shri hBarath Restaurant 19 Pvt Ltd,Sri Bharath Restaurant 19 Restaurants,electricity,pollution,0.8239,0.7644,Strong behavioural pattern but weak identifiers,weighted_fellegi_sunter|behavioural_lag_boost_lag=0_days_cycles=3,PAN=0.0 GSTIN=0.3 NAME=0.1294 ADDR=0.0444 PIN=0.05 PH=0.0 BOOST=0.3
Ambiguous match,ele_2,fac_2,Sri Karnataka Fabrication 2,Sri Karnataka Fabrication 2 Fabrications,electricity,factories,0.8267,0.7641,Strong behavioural pattern but weak identifiers,weighted_fellegi_sunter|behavioural_lag_boost_lag=-4_days_cycles=3,PAN=0.0 GSTIN=0.3 NAME=0.1392 ADDR=0.0375 PIN=0.05 PH=0.0 BOOST=0.3
Ambiguous match,ele_53,sho_53,Sri Malnad Lodging 53 Traders,M/s Malnad Lodging 53 Enterprises,electricity,shops,0.8229,0.7638,Strong behavioural pattern but weak identifiers,weighted_fellegi_sunter|behavioural_lag_boost_lag=-2_days_cycles=6,PAN=0.0 GSTIN=0.3 NAME=0.1229 ADDR=0.05 PIN=0.05 PH=0.0 BOOST=0.3
Ambiguous match,ele_79,sho_79,M/s Navarasa Restaurant 79,Ms/ Navarasa Restaurant 79 Traders,electricity,shops,0.8229,0.7638,Strong behavioural pattern but weak identifiers,weighted_fellegi_sunter|behavioural_lag_boost_lag=-2_days_cycles=4,PAN=0.0 GSTIN=0.3 NAME=0.1285 ADDR=0.0444 PIN=0.05 PH=0.0 BOOST=0.3
Ambiguous match,ele_2_dup,pol_2,Sri Karnataka Fabricatoin 2,M/s Karnataka Fabrication 2 Pvt Ltd,electricity,pollution,0.8209,0.7627,Strong behavioural pattern but weak identifiers,weighted_fellegi_sunter|behavioural_lag_boost_lag=0_days_cycles=3,PAN=0.0 GSTIN=0.3 NAME=0.1209 ADDR=0.05 PIN=0.05 PH=0.0 BOOST=0.3
Ambiguous match,ele_47,fac_47,Sri Aditya Fabrication 47 Pvt Ltd,M/s Aditya Fabrication 47 Pvt Ltd,electricity,factories,0.8206,0.7626,Strong behavioural pattern but weak identifiers,weighted_fellegi_sunter|behavioural_lag_boost_lag=-4_days_cycles=3,PAN=0.0 GSTIN=0.3 NAME=0.1206 ADDR=0.05 PIN=0.05 PH=0.0 BOOST=0.3
Ambiguous match,ele_34,fac_34,M/s Sri Sai Restaurant 34,Sri Sai Restaurant 34 Traders,electricity,factories,0.8199,0.7622,Strong behavioural pattern but weak identifiers,weighted_fellegi_sunter|behavioural_lag_boost_lag=-4_days_cycles=5,PAN=0.0 GSTIN=0.3 NAME=0.1199 ADDR=0.05 PIN=0.05 PH=0.0 BOOST=0.3
Ambiguous match,ele_75,sho_75,M/s Nandi Bakery 75 Pvt Ltd,Nandi Bakery 75 Pvt Ltd,electricity,shops,0.8195,0.762,Strong behavioural pattern but weak identifiers,weighted_fellegi_sunter|behavioural_lag_boost_lag=-2_days_cycles=5,PAN=0.0 GSTIN=0.3 NAME=0.1195 ADDR=0.05 PIN=0.05 PH=0.0 BOOST=0.3
Ambiguous match,fac_62,pol_62,Sri Basaveshwara Fabrication 62 Fabrications,Sri Basaveshwara Fabrication 62 Pvt Ltd,factories,pollution,0.8347,0.7597,Strong behavioural pattern but weak identifiers,weighted_fellegi_sunter|behavioural_lag_boost_lag=2_days_cycles=3,PAN=0.0 GSTIN=0.3 NAME=0.1402 ADDR=0.0444 PIN=0.05 PH=0.0 BOOST=0.3
Ambiguous match,ele_74,sho_74,M/s Royal Restaurant 74 Pvt Ltd,Sri Royal Restaurant 74 Traders,electricity,shops,0.8147,0.7593,Strong behavioural pattern but weak identifiers,weighted_fellegi_sunter|behavioural_lag_boost_lag=-2_days_cycles=3,PAN=0.0 GSTIN=0.3 NAME=0.1203 ADDR=0.0444 PIN=0.05 PH=0.0 BOOST=0.3
Ambiguous match,pol_51,sho_51,M/s Aditya Retail 51 vPt Ltd,M/s Aditya Retail 51 Retails,pollution,shops,0.8355,0.7592,Strong behavioural pattern but weak identifiers,weighted_fellegi_sunter|behavioural_lag_boost_lag=0_days_cycles=5,PAN=0.0 GSTIN=0.3 NAME=0.1411 ADDR=0.0444 PIN=0.05 PH=0.0 BOOST=0.3
Ambiguous match,ele_34,sho_34,M/s Sri Sai Restaurant 34,Shri Sri Sai Restaurant 34 Traders,electricity,shops,0.8143,0.7591,Strong behavioural pattern but weak identifiers,weighted_fellegi_sunter|behavioural_lag_boost_lag=-2_days_cycles=4,PAN=0.0 GSTIN=0.3 NAME=0.1199 ADDR=0.0444 PIN=0.05 PH=0.0 BOOST=0.3
Ambiguous match,ele_34,sho_34_dup,M/s Sri Sai Restaurant 34,Shri Sri Sai Restaurant 34 Traders,electricity,shops,0.8143,0.7591,Strong behavioural pattern but weak identifiers,weighted_fellegi_sunter|behavioural_lag_boost_lag=-2_days_cycles=4,PAN=0.0 GSTIN=0.3 NAME=0.1199 ADDR=0.0444 PIN=0.05 PH=0.0 BOOST=0.3
Ambiguous match,ele_12,sho_12,Sayhadri Fabrication 12 Pvt Ltd,Sri Sahyadri Fabrication 12 Traders,electricity,shops,0.8358,0.7591,Strong behavioural pattern but weak identifiers,weighted_fellegi_sunter|behavioural_lag_boost_lag=-2_days_cycles=3,PAN=0.0 GSTIN=0.3 NAME=0.1483 ADDR=0.0375 PIN=0.05 PH=0.0 BOOST=0.3
Ambiguous match,fac_39,sho_39,Mandya Restaurant 39 Traders,Shri Mandya Restauratn 39 LLP,factories,shops,0.836,0.759,Strong behavioural pattern but weak identifiers,weighted_fellegi_sunter|behavioural_lag_boost_lag=0_days_cycles=4,PAN=0.0 GSTIN=0.3 NAME=0.1485 ADDR=0.0375 PIN=0.05 PH=0.0 BOOST=0.3
Ambiguous match,ele_2,ele_2_dup,Sri Karnataka Fabrication 2,Sri Karnataka Fabricatoin 2,electricity,electricity,0.8362,0.7588,Strong behavioural pattern but weak identifiers,weighted_fellegi_sunter|behavioural_lag_boost_lag=0_days_cycles=6,PAN=0.0 GSTIN=0.3 NAME=0.1487 ADDR=0.0375 PIN=0.05 PH=0.0 BOOST=0.3
Ambiguous match,ele_2,pol_2,Sri Karnataka Fabrication 2,M/s Karnataka Fabrication 2 Pvt Ltd,electricity,pollution,0.8131,0.7585,Strong behavioural pattern but weak identifiers,weighted_fellegi_sunter|behavioural_lag_boost_lag=0_days_cycles=3,PAN=0.0 GSTIN=0.3 NAME=0.1187 ADDR=0.0444 PIN=0.05 PH=0.0 BOOST=0.3
Ambiguous match,ele_2_dup,fac_2,Sri Karnataka Fabricatoin 2,Sri Karnataka Fabrication 2 Fabrications,electricity,factories,0.8129,0.7583,Strong behavioural pattern but weak identifiers,weighted_fellegi_sunter|behavioural_lag_boost_lag=-4_days_cycles=3,PAN=0.0 GSTIN=0.3 NAME=0.1379 ADDR=0.025 PIN=0.05 PH=0.0 BOOST=0.3
Ambiguous match,fac_72_dup,pol_72,Navaraas Fabrication 72 Fabrications,Navarasa Fabrication 72 LLP,factories,pollution,0.8379,0.7579,Strong behavioural pattern but weak identifiers,weighted_fellegi_sunter|behavioural_lag_boost_lag=2_days_cycles=6,PAN=0.0 GSTIN=0.3 NAME=0.1379 ADDR=0.05 PIN=0.05 PH=0.0 BOOST=0.3
Ambiguous match,fac_37,pol_37,Shri Kaveri Fabrication 37 Traders,Shri Kaveri Fabrication 37 Fabrications,factories,pollution,0.8385,0.7576,Strong behavioural pattern but weak identifiers,weighted_fellegi_sunter|behavioural_lag_boost_lag=2_days_cycles=3,PAN=0.0 GSTIN=0.3 NAME=0.1385 ADDR=0.05 PIN=0.05 PH=0.0 BOOST=0.3
Ambiguous match,fac_75,sho_75,Shri Nandi Bakery 75 Bakerys,Nandi Bakery 75 Pvt Ltd,factories,shops,0.8396,0.757,Strong behavioural pattern but weak identifiers,weighted_fellegi_sunter|behavioural_lag_boost_lag=0_days_cycles=5,PAN=0.0 GSTIN=0.3 NAME=0.1396 ADDR=0.05 PIN=0.05 PH=0.0 BOOST=0.3
Ambiguous match,ele_52,sho_52,M/s Navarasa Fabrication 52 Fabrications,M/s Navarasa Fabrication 52 LLP,electricity,shops,0.8402,0.7566,Strong behavioural pattern but weak identifiers,weighted_fellegi_sunter|behavioural_lag_boost_lag=-2_days_cycles=5,PAN=0.0 GSTIN=0.3 NAME=0.1402 ADDR=0.05 PIN=0.05 PH=0.0 BOOST=0.3
Ambiguous match,ele_52,sho_52_dup,M/s Navarasa Fabrication 52 Fabrications,M/s Navarasa Fabrication 52 LLP,electricity,shops,0.8402,0.7566,Strong behavioural pattern but weak identifiers,weighted_fellegi_sunter|behavioural_lag_boost_lag=-2_days_cycles=5,PAN=0.0 GSTIN=0.3 NAME=0.1402 ADDR=0.05 PIN=0.05 PH=0.0 BOOST=0.3
Ambiguous match,pol_10_dup,sho_10,Classic Bakery 10 Traders,Classic Bakery 10 Bakerys,pollution,shops,0.8404,0.7565,Strong behavioural pattern but weak identifiers,weighted_fellegi_sunter|behavioural_lag_boost_lag=0_days_cycles=5,PAN=0.0 GSTIN=0.3 NAME=0.1404 ADDR=0.05 PIN=0.05 PH=0.0 BOOST=0.3
Ambiguous match,fac_27,pol_27,Chamundi Fabrictaion 27 Enterprises,Shri Chmaundi Fabrication 27 Pvt Ltd,factories,pollution,0.841,0.7562,Strong behavioural pattern but weak identifiers,weighted_fellegi_sunter|behavioural_lag_boost_lag=2_days_cycles=4,PAN=0.0 GSTIN=0.3 NAME=0.1465 ADDR=0.0444 PIN=0.05 PH=0.0 BOOST=0.3
Ambiguous match,ele_65,fac_65,M/s Cauvery Bakery 65 Traders,Sri Cauvery Bakery 65 Traders,electricity,factories,0.8074,0.7553,Strong behavioural pattern but weak identifiers,weighted_fellegi_sunter|behavioural_lag_boost_lag=-4_days_cycles=5,PAN=0.0 GSTIN=0.3 NAME=0.1199 ADDR=0.0375 PIN=0.05 PH=0.0 BOOST=0.3
Ambiguous match,fac_29,sho_29,Ganesh Restaurant 29 Pvt Ltd,Shri Ganes hRestaurant 29 Pvt Ltd,factories,shops,0.8429,0.7552,Strong behavioural pattern but weak identifiers,weighted_fellegi_sunter|behavioural_lag_boost_lag=0_days_cycles=3,PAN=0.0 GSTIN=0.3 NAME=0.1485 ADDR=0.0444 PIN=0.05 PH=0.0 BOOST=0.3
Ambiguous match,pol_19,sho_19,Sri Bharath Restaurant 19 Restaurants,M/s Bharath Restaurant 19 LLP,pollution,shops,0.8069,0.755,Strong behavioural pattern but weak identifiers,weighted_fellegi_sunter|behavioural_lag_boost_lag=0_days_cycles=3,PAN=0.0 GSTIN=0.3 NAME=0.1069 ADDR=0.05 PIN=0.05 PH=0.0 BOOST=0.3
Ambiguous match,fac_27,sho_27,Chamundi Fabrictaion 27 Enterprises,Sri Chamundi Fabrication 27 Traders,factories,shops,0.8431,0.755,Strong behavioural pattern but weak identifiers,weighted_fellegi_sunter|behavioural_lag_boost_lag=0_days_cycles=4,PAN=0.0 GSTIN=0.3 NAME=0.1487 ADDR=0.0444 PIN=0.05 PH=0.0 BOOST=0.3
Ambiguous match,pol_19,sho_19_dup,Sri Bharath Restaurant 19 Restaurants,M/s Bharath Restaurant 19 LLP,pollution,shops,0.8069,0.755,Strong behavioural pattern but weak identifiers,weighted_fellegi_sunter|behavioural_lag_boost_lag=0_days_cycles=3,PAN=0.0 GSTIN=0.3 NAME=0.1069 ADDR=0.05 PIN=0.05 PH=0.0 BOOST=0.3
Ambiguous match,ele_39_dup,fac_39,Shr iMandyaR estaurant 39 Pvt Ltd,Mandya Restaurant 39 Traders,electricity,factories,0.805,0.754,Strong behavioural pattern but weak identifiers,weighted_fellegi_sunter|behavioural_lag_boost_lag=-4_days_cycles=4,PAN=0.0 GSTIN=0.3 NAME=0.1175 ADDR=0.0375 PIN=0.05 PH=0.0 BOOST=0.3
Ambiguous match,ele_72,fac_72_dup,M/s Navarasa Fabrication 72 Enterprises,Navaraas Fabrication 72 Fabrications,electricity,factories,0.8049,0.7539,Strong behavioural pattern but weak identifiers,weighted_fellegi_sunter|behavioural_lag_boost_lag=-4_days_cycles=6,PAN=0.0 GSTIN=0.3 NAME=0.1049 ADDR=0.05 PIN=0.05 PH=0.0 BOOST=0.3
Ambiguous match,fac_72_dup,sho_72,Navaraas Fabrication 72 Fabrications,M/s Navarasa Fabrication 72 Traders,factories,shops,0.8049,0.7539,Strong behavioural pattern but weak identifiers,weighted_fellegi_sunter|behavioural_lag_boost_lag=0_days_cycles=5,PAN=0.0 GSTIN=0.3 NAME=0.1049 ADDR=0.05 PIN=0.05 PH=0.0 BOOST=0.3
Ambiguous match,fac_18,pol_18,Shri Kaveri Lodging 18 Traders,M/s Kaveri Lodging 18 PvtL td,factories,pollution,0.8032,0.753,Strong behavioural pattern but weak identifiers,weighted_fellegi_sunter|behavioural_lag_boost_lag=2_days_cycles=3,PAN=0.0 GSTIN=0.3 NAME=0.1087 ADDR=0.0444 PIN=0.05 PH=0.0 BOOST=0.3
Ambiguous match,fac_52,sho_52_dup,Shri Navarasa Fabrication 52 Fabricatiosn,M/s Navarasa Fabrication 52 LLP,factories,shops,0.8028,0.7528,Strong behavioural pattern but weak identifiers,weighted_fellegi_sunter|behavioural_lag_boost_lag=0_days_cycles=5,PAN=0.0 GSTIN=0.3 NAME=0.1028 ADDR=0.05 PIN=0.05 PH=0.0 BOOST=0.3
Ambiguous match,fac_52,sho_52,Shri Navarasa Fabrication 52 Fabricatiosn,M/s Navarasa Fabrication 52 LLP,factories,shops,0.8028,0.7528,Strong behavioural pattern but weak identifiers,weighted_fellegi_sunter|behavioural_lag_boost_lag=0_days_cycles=5,PAN=0.0 GSTIN=0.3 NAME=0.1028 ADDR=0.05 PIN=0.05 PH=0.0 BOOST=0.3
Ambiguous match,ele_12,pol_12,Sayhadri Fabrication 12 Pvt Ltd,Sri Sahyadri Fabrication 12,electricity,pollution,0.8483,0.7522,Strong behavioural pattern but weak identifiers,weighted_fellegi_sunter|behavioural_lag_boost_lag=0_days_cycles=3,PAN=0.0 GSTIN=0.3 NAME=0.1483 ADDR=0.05 PIN=0.05 PH=0.0 BOOST=0.3
Ambiguous match,ele_2_dup,sho_2,Sri Karnataka Fabricatoin 2,Shri Karnataka Fabrication 2 LLP,electricity,shops,0.8487,0.752,Strong behavioural pattern but weak identifiers,weighted_fellegi_sunter|behavioural_lag_boost_lag=-2_days_cycles=4,PAN=0.0 GSTIN=0.3 NAME=0.1487 ADDR=0.05 PIN=0.05 PH=0.0 BOOST=0.3
Ambiguous match,fac_37,sho_37_dup,Shri Kaveri Fabrication 37 Traders,Kaveri Fabricatoin 37 Pvt Ltd,factories,shops,0.8486,0.752,Strong behavioural pattern but weak identifiers,weighted_fellegi_sunter|behavioural_lag_boost_lag=0_days_cycles=4,PAN=0.0 GSTIN=0.3 NAME=0.1486 ADDR=0.05 PIN=0.05 PH=0.0 BOOST=0.3
Ambiguous match,fac_75_dup,sho_75,Srhi Nandi Bakery 75 Bakerys,Nandi Bakery 75 Pvt Ltd,factories,shops,0.8012,0.7519,Strong behavioural pattern but weak identifiers,weighted_fellegi_sunter|behavioural_lag_boost_lag=0_days_cycles=5,PAN=0.0 GSTIN=0.3 NAME=0.1068 ADDR=0.0444 PIN=0.05 PH=0.0 BOOST=0.3
Ambiguous match,ele_74,fac_74,M/s Royal Restaurant 74 Pvt Ltd,Shri Royal Restaurant 74 Restaurants,electricity,factories,0.8002,0.7514,Strong behavioural pattern but weak identifiers,weighted_fellegi_sunter|behavioural_lag_boost_lag=-4_days_cycles=3,PAN=0.0 GSTIN=0.3 NAME=0.1057 ADDR=0.0444 PIN=0.05 PH=0.0 BOOST=0.3
Ambiguous match,pol_29,sho_29,M/s Ganesh Restaurant 29 Enterprises,Shri Ganes hRestaurant 29 Pvt Ltd,pollution,shops,0.7992,0.7508,Strong behavioural pattern but weak identifiers,weighted_fellegi_sunter|behavioural_lag_boost_lag=0_days_cycles=3,PAN=0.0 GSTIN=0.3 NAME=0.1192 ADDR=0.03 PIN=0.05 PH=0.0 BOOST=0.3
Ambiguous match,ele_72,fac_72,M/s Navarasa Fabrication 72 Enterprises,Navarasa Fabrication 72 Fabrications,electricity,factories,0.8528,0.7497,Strong behavioural pattern but weak identifiers,weighted_fellegi_sunter|behavioural_lag_boost_lag=-4_days_cycles=6,PAN=0.0 GSTIN=0.3 NAME=0.1028 ADDR=0.1 PIN=0.05 PH=0.0 BOOST=0.3
Ambiguous match,fac_72,sho_72,Navarasa Fabrication 72 Fabrications,M/s Navarasa Fabrication 72 Traders,factories,shops,0.8528,0.7497,Strong behavioural pattern but weak identifiers,weighted_fellegi_sunter|behavioural_lag_boost_lag=0_days_cycles=5,PAN=0.0 GSTIN=0.3 NAME=0.1028 ADDR=0.1 PIN=0.05 PH=0.0 BOOST=0.3
Ambiguous match,ele_10,sho_10,M/s Classic Bakery 10 LLP,Classic Bakery 10 Bakerys,electricity,shops,0.8539,0.7491,Strong behavioural pattern but weak identifiers,weighted_fellegi_sunter|behavioural_lag_boost_lag=-2_days_cycles=6,PAN=0.0 GSTIN=0.3 NAME=0.1039 ADDR=0.1 PIN=0.05 PH=0.0 BOOST=0.3
Ambiguous match,ele_34,pol_34,M/s Sri Sai Restaurant 34,Sri Sai Restaurant 34 Restaurants,electricity,pollution,0.8543,0.7489,Strong behavioural pattern but weak identifiers,weighted_fellegi_sunter|behavioural_lag_boost_lag=0_days_cycles=5,PAN=0.0 GSTIN=0.3 NAME=0.1043 ADDR=0.1 PIN=0.05 PH=0.0 BOOST=0.3
Ambiguous match,ele_51,sho_51,Aditya Retail 51 Pv tLtd,M/s Aditya Retail 51 Retails,electricity,shops,0.8549,0.7486,Strong behavioural pattern but weak identifiers,weighted_fellegi_sunter|behavioural_lag_boost_lag=-2_days_cycles=6,PAN=0.0 GSTIN=0.3 NAME=0.1049 ADDR=0.1 PIN=0.05 PH=0.0 BOOST=0.3
Ambiguous match,ele_29,sho_29,M/s Ganesh Restaurant 29 Restaurants,Shri Ganes hRestaurant 29 Pvt Ltd,electricity,shops,0.7928,0.7473,Strong behavioural pattern but weak identifiers,weighted_fellegi_sunter|behavioural_lag_boost_lag=-2_days_cycles=4,PAN=0.0 GSTIN=0.3 NAME=0.1053 ADDR=0.0375 PIN=0.05 PH=0.0 BOOST=0.3
Ambiguous match,ele_28,pol_28,M/s Shree Durga Lodging 28 Lodgings,Shri Shree Durga Lodging 28 Pvt Ltd,electricity,pollution,0.8587,0.7465,Strong behavioural pattern but weak identifiers,weighted_fellegi_sunter|behavioural_lag_boost_lag=0_days_cycles=3,PAN=0.0 GSTIN=0.3 NAME=0.1087 ADDR=0.1 PIN=0.05 PH=0.0 BOOST=0.3
Ambiguous match,fac_53,sho_53,Malnad Lodging 53 Lodgings,M/s Malnad Lodging 53 Enterprises,factories,shops,0.8597,0.7459,Strong behavioural pattern but weak identifiers,weighted_fellegi_sunter|behavioural_lag_boost_lag=0_days_cycles=5,PAN=0.0 GSTIN=0.3 NAME=0.1097 ADDR=0.1 PIN=0.05 PH=0.0 BOOST=0.3
Ambiguous match,fac_26,sho_26,Metro Retail 26 LLP,M/s Metro Retail 26 Retails,factories,shops,0.862,0.7446,Strong behavioural pattern but weak identifiers,weighted_fellegi_sunter|behavioural_lag_boost_lag=0_days_cycles=5,PAN=0.0 GSTIN=0.3 NAME=0.112 ADDR=0.1 PIN=0.05 PH=0.0 BOOST=0.3
Ambiguous match,ele_26,sho_26,Sri Metro Retail 26 Enterprises,M/s Metro Retail 26 Retails,electricity,shops,0.862,0.7446,Strong behavioural pattern but weak identifiers,weighted_fellegi_sunter|behavioural_lag_boost_lag=-2_days_cycles=4,PAN=0.0 GSTIN=0.3 NAME=0.112 ADDR=0.1 PIN=0.05 PH=0.0 BOOST=0.3
Ambiguous match,ele_18,sho_18,M/s Kaveri Lodging 18 Traders,Kaveri Lodging 18 Lodgings,electricity,shops,0.8469,0.743,Strong behavioural pattern but weak identifiers,weighted_fellegi_sunter|behavioural_lag_boost_lag=-2_days_cycles=4,PAN=0.35 GSTIN=0.0 NAME=0.1025 ADDR=0.0444 PIN=0.05 PH=0.0 BOOST=0.3
Ambiguous match,ele_64,fac_64,Mysore Restaurant 64 Restaurants,M/s Mysore Restaurant 64,electricity,factories,0.8658,0.7426,Strong behavioural pattern but weak identifiers,weighted_fellegi_sunter|behavioural_lag_boost_lag=-4_days_cycles=3,PAN=0.0 GSTIN=0.3 NAME=0.1158 ADDR=0.1 PIN=0.05 PH=0.0 BOOST=0.3
Ambiguous match,fac_50,sho_50,M/s Pragathi Bakery 50 LLP,Shri Pragathi Bakery 50 Bakerys,factories,shops,0.8505,0.741,Strong behavioural pattern but weak identifiers,weighted_fellegi_sunter|behavioural_lag_boost_lag=0_days_cycles=4,PAN=0.35 GSTIN=0.0 NAME=0.106 ADDR=0.0444 PIN=0.05 PH=0.0 BOOST=0.3
Ambiguous match,ele_10,fac_10,M/s Classic Bakery 10 LLP,Shri Classic Bakery 10,electricity,factories,0.8699,0.7403,Strong behavioural pattern but weak identifiers,weighted_fellegi_sunter|behavioural_lag_boost_lag=-4_days_cycles=4,PAN=0.0 GSTIN=0.3 NAME=0.1199 ADDR=0.1 PIN=0.05 PH=0.0 BOOST=0.3
Ambiguous match,ele_3_dup,pol_3_dup,Sri Navarsaa Lodging 3 Pvt Ltd,Shri Navraasa Lodging 3 LLP,electricity,pollution,0.8711,0.7396,Strong behavioural pattern but weak identifiers,weighted_fellegi_sunter|behavioural_lag_boost_lag=0_days_cycles=3,PAN=0.0 GSTIN=0.3 NAME=0.1461 ADDR=0.025 PIN=0.05 PH=0.05 BOOST=0.3
Ambiguous match,ele_40,pol_40,Sri Kaveri Bakery 40 Bakerys,M/s Kaveri Bakery 40,electricity,pollution,0.8544,0.7388,Strong behavioural pattern but weak identifiers,weighted_fellegi_sunter|behavioural_lag_boost_lag=0_days_cycles=3,PAN=0.35 GSTIN=0.0 NAME=0.1044 ADDR=0.05 PIN=0.05 PH=0.0 BOOST=0.3
Ambiguous match,pol_43,sho_43,M/s Classic Lodging 43 LLP,Sri Classic oLdging 43 Lodgings,pollution,shops,0.8547,0.7387,Strong behavioural pattern but weak identifiers,weighted_fellegi_sunter|behavioural_lag_boost_lag=0_days_cycles=4,PAN=0.35 GSTIN=0.0 NAME=0.1047 ADDR=0.05 PIN=0.05 PH=0.0 BOOST=0.3
Ambiguous match,ele_15,sho_15_dup,Navarasa Bakery 15 Traders,Navraasa Bakery 15 Enterprises,electricity,shops,0.8731,0.7385,Strong behavioural pattern but weak identifiers,weighted_fellegi_sunter|behavioural_lag_boost_lag=-2_days_cycles=3,PAN=0.0 GSTIN=0.3 NAME=0.1481 ADDR=0.025 PIN=0.05 PH=0.05 BOOST=0.3
Ambiguous match,ele_39_dup,pol_39,Shr iMandyaR estaurant 39 Pvt Ltd,Sri Mandya Restaurant 39 Traders,electricity,pollution,0.855,0.7385,Strong behavioural pattern but weak identifiers,weighted_fellegi_sunter|behavioural_lag_boost_lag=0_days_cycles=3,PAN=0.35 GSTIN=0.0 NAME=0.1175 ADDR=0.0375 PIN=0.05 PH=0.0 BOOST=0.3
Ambiguous match,fac_13,sho_13,M/s Karnataka Lodging 13 LLP,Sri Karnataka Lodging 13,factories,shops,0.8567,0.7376,Strong behavioural pattern but weak identifiers,weighted_fellegi_sunter|behavioural_lag_boost_lag=0_days_cycles=4,PAN=0.35 GSTIN=0.0 NAME=0.1192 ADDR=0.0375 PIN=0.05 PH=0.0 BOOST=0.3
Ambiguous match,ele_63,pol_63,Malnad Ldoging 63,M/s Malnad Lodging 63 Enterprises,electricity,pollution,0.8755,0.7372,Strong behavioural pattern but weak identifiers,weighted_fellegi_sunter|behavioural_lag_boost_lag=0_days_cycles=3,PAN=0.0 GSTIN=0.3 NAME=0.1255 ADDR=0.1 PIN=0.05 PH=0.0 BOOST=0.3
Ambiguous match,fac_79,sho_79,Sri Navarasa Restaurant 79,Ms/ Navarasa Restaurant 79 Traders,factories,shops,0.8758,0.7371,Strong behavioural pattern but weak identifiers,weighted_fellegi_sunter|behavioural_lag_boost_lag=0_days_cycles=3,PAN=0.0 GSTIN=0.3 NAME=0.1258 ADDR=0.1 PIN=0.05 PH=0.0 BOOST=0.3
Ambiguous match,pol_79,sho_79,Shri Navarasa Restaurant 79 Pvt Ltd,Ms/ Navarasa Restaurant 79 Traders,pollution,shops,0.8758,0.7371,Strong behavioural pattern but weak identifiers,weighted_fellegi_sunter|behavioural_lag_boost_lag=0_days_cycles=4,PAN=0.0 GSTIN=0.3 NAME=0.1258 ADDR=0.1 PIN=0.05 PH=0.0 BOOST=0.3
Ambiguous match,pol_52,sho_52_dup,Navarasa Fabrication 52 Enterprsies,M/s Navarasa Fabrication 52 LLP,pollution,shops,0.8579,0.7369,Strong behavioural pattern but weak identifiers,weighted_fellegi_sunter|behavioural_lag_boost_lag=0_days_cycles=5,PAN=0.35 GSTIN=0.0 NAME=0.1079 ADDR=0.05 PIN=0.05 PH=0.0 BOOST=0.3
Ambiguous match,pol_52,sho_52,Navarasa Fabrication 52 Enterprsies,M/s Navarasa Fabrication 52 LLP,pollution,shops,0.8579,0.7369,Strong behavioural pattern but weak identifiers,weighted_fellegi_sunter|behavioural_lag_boost_lag=0_days_cycles=5,PAN=0.35 GSTIN=0.0 NAME=0.1079 ADDR=0.05 PIN=0.05 PH=0.0 BOOST=0.3
Ambiguous match,fac_51,sho_51,Sri Aditya Retail 51 Retails,M/s Aditya Retail 51 Retails,factories,shops,0.8762,0.7368,Strong behavioural pattern but weak identifiers,weighted_fellegi_sunter|behavioural_lag_boost_lag=0_days_cycles=5,PAN=0.0 GSTIN=0.3 NAME=0.1262 ADDR=0.1 PIN=0.05 PH=0.0 BOOST=0.3
Ambiguous match,ele_52,fac_52,M/s Navarasa Fabrication 52 Fabrications,Shri Navarasa Fabrication 52 Fabricatiosn,electricity,factories,0.8769,0.7365,Strong behavioural pattern but weak identifiers,weighted_fellegi_sunter|behavioural_lag_boost_lag=-4_days_cycles=5,PAN=0.0 GSTIN=0.3 NAME=0.1269 ADDR=0.1 PIN=0.05 PH=0.0 BOOST=0.3
Ambiguous match,fac_13,sho_13_dup,M/s Karnataka Lodging 13 LLP,Sri Kranataka Lodging 13,factories,shops,0.8592,0.7362,Strong behavioural pattern but weak identifiers,weighted_fellegi_sunter|behavioural_lag_boost_lag=0_days_cycles=4,PAN=0.35 GSTIN=0.0 NAME=0.1217 ADDR=0.0375 PIN=0.05 PH=0.0 BOOST=0.3
Ambiguous match,fac_80,pol_80,Sri Metro Bakery 80 Bakerys,M/s Metro Bakery 80 Enterprises,factories,pollution,0.8595,0.736,Strong behavioural pattern but weak identifiers,weighted_fellegi_sunter|behavioural_lag_boost_lag=2_days_cycles=5,PAN=0.35 GSTIN=0.0 NAME=0.1095 ADDR=0.05 PIN=0.05 PH=0.0 BOOST=0.3
Ambiguous match,ele_80,pol_80,Sri Metro Bakery 80 Traders,M/s Metro Bakery 80 Enterprises,electricity,pollution,0.86,0.7358,Strong behavioural pattern but weak identifiers,weighted_fellegi_sunter|behavioural_lag_boost_lag=0_days_cycles=4,PAN=0.35 GSTIN=0.0 NAME=0.1225 ADDR=0.0375 PIN=0.05 PH=0.0 BOOST=0.3
Ambiguous match,ele_19,pol_19,Shri hBarath Restaurant 19 Pvt Ltd,Sri Bharath Restaurant 19 Restaurants,electricity,pollution,0.8794,0.7351,Strong behavioural pattern but weak identifiers,weighted_fellegi_sunter|behavioural_lag_boost_lag=0_days_cycles=3,PAN=0.0 GSTIN=0.3 NAME=0.1294 ADDR=0.1 PIN=0.05 PH=0.0 BOOST=0.3
Ambiguous match,pol_5,sho_5,M/s Sahyadri Bakery 5 LLP,Sahyadri Bakery 5 Enterprises,pollution,shops,0.8614,0.735,Strong behavioural pattern but weak identifiers,weighted_fellegi_sunter|behavioural_lag_boost_lag=0_days_cycles=3,PAN=0.35 GSTIN=0.0 NAME=0.1169 ADDR=0.0444 PIN=0.05 PH=0.0 BOOST=0.3
Ambiguous match,fac_43,pol_43,Shri Classic Lodging 43,M/s Classic Lodging 43 LLP,factories,pollution,0.8631,0.734,Strong behavioural pattern but weak identifiers,weighted_fellegi_sunter|behavioural_lag_boost_lag=2_days_cycles=3,PAN=0.35 GSTIN=0.0 NAME=0.1187 ADDR=0.0444 PIN=0.05 PH=0.0 BOOST=0.3
Ambiguous match,ele_17,sho_17,M/s Nandi Fabrication 17 Pvt Ldt,Shri Nandi Fabrication 17 Traders,electricity,shops,0.8632,0.734,Strong behavioural pattern but weak identifiers,weighted_fellegi_sunter|behavioural_lag_boost_lag=-2_days_cycles=4,PAN=0.35 GSTIN=0.0 NAME=0.1132 ADDR=0.05 PIN=0.05 PH=0.0 BOOST=0.3
Ambiguous match,ele_13,pol_13_dup,Sri Karnataka Lodging 13 Enterprises,M/s Karnataka Lodging 13 LPL,electricity,pollution,0.8632,0.734,Strong behavioural pattern but weak identifiers,weighted_fellegi_sunter|behavioural_lag_boost_lag=0_days_cycles=4,PAN=0.35 GSTIN=0.0 NAME=0.1132 ADDR=0.05 PIN=0.05 PH=0.0 BOOST=0.3
Ambiguous match,ele_74,pol_74,M/s Royal Restaurant 74 Pvt Ltd,Royal Restaurant 74 LLP,electricity,pollution,0.8647,0.7332,Strong behavioural pattern but weak identifiers,weighted_fellegi_sunter|behavioural_lag_boost_lag=0_days_cycles=3,PAN=0.35 GSTIN=0.0 NAME=0.1203 ADDR=0.0444 PIN=0.05 PH=0.0 BOOST=0.3
Ambiguous match,fac_57,sho_57,M/s Srinidhi Fabrication 57,Sri Srinidhi Fabriaction 57,factories,shops,0.8653,0.7328,Strong behavioural pattern but weak identifiers,weighted_fellegi_sunter|behavioural_lag_boost_lag=0_days_cycles=5,PAN=0.35 GSTIN=0.0 NAME=0.1209 ADDR=0.0444 PIN=0.05 PH=0.0 BOOST=0.3
Ambiguous match,pol_57,sho_57,M/s Srinidhi Fabrication 57 Enterprises,Sri Srinidhi Fabriaction 57,pollution,shops,0.8653,0.7328,Strong behavioural pattern but weak identifiers,weighted_fellegi_sunter|behavioural_lag_boost_lag=0_days_cycles=4,PAN=0.35 GSTIN=0.0 NAME=0.1209 ADDR=0.0444 PIN=0.05 PH=0.0 BOOST=0.3
Ambiguous match,ele_57,pol_57,Srinidhi Fabrication 57 Pvt Ltd,M/s Srinidhi Fabrication 57 Enterprises,electricity,pollution,0.8653,0.7328,Strong behavioural pattern but weak identifiers,weighted_fellegi_sunter|behavioural_lag_boost_lag=0_days_cycles=4,PAN=0.35 GSTIN=0.0 NAME=0.1209 ADDR=0.0444 PIN=0.05 PH=0.0 BOOST=0.3
Ambiguous match,ele_27,pol_27,Chamundi Fabrication 27 Fabrications,Shri Chmaundi Fabrication 27 Pvt Ltd,electricity,pollution,0.8838,0.7327,Strong behavioural pattern but weak identifiers,weighted_fellegi_sunter|behavioural_lag_boost_lag=0_days_cycles=3,PAN=0.0 GSTIN=0.3 NAME=0.1338 ADDR=0.1 PIN=0.05 PH=0.0 BOOST=0.3
Ambiguous match,pol_44,sho_44,M/s Srinidhi Restaurant 44 Traders,Srinidhi Restaurant 44 Pvt Ltd,pollution,shops,0.8663,0.7323,Strong behavioural pattern but weak identifiers,weighted_fellegi_sunter|behavioural_lag_boost_lag=0_days_cycles=3,PAN=0.35 GSTIN=0.0 NAME=0.1219 ADDR=0.0444 PIN=0.05 PH=0.0 BOOST=0.3
Ambiguous match,pol_3_dup,sho_3,Shri Navraasa Lodging 3 LLP,Navarasa Lodging 3,pollution,shops,0.8856,0.7317,Strong behavioural pattern but weak identifiers,weighted_fellegi_sunter|behavioural_lag_boost_lag=0_days_cycles=3,PAN=0.0 GSTIN=0.3 NAME=0.1481 ADDR=0.0375 PIN=0.05 PH=0.05 BOOST=0.3
Ambiguous match,pol_53,sho_53,M/ sMalnad Lodging 53 LLP,M/s Malnad Lodging 53 Enterprises,pollution,shops,0.8861,0.7314,Strong behavioural pattern but weak identifiers,weighted_fellegi_sunter|behavioural_lag_boost_lag=0_days_cycles=6,PAN=0.0 GSTIN=0.3 NAME=0.1361 ADDR=0.1 PIN=0.05 PH=0.0 BOOST=0.3
Ambiguous match,fac_50,pol_50,M/s Pragathi Bakery 50 LLP,Pragathi Bakery 50 Pvt Ltd,factories,pollution,0.8687,0.731,Strong behavioural pattern but weak identifiers,weighted_fellegi_sunter|behavioural_lag_boost_lag=2_days_cycles=3,PAN=0.35 GSTIN=0.0 NAME=0.1187 ADDR=0.05 PIN=0.05 PH=0.0 BOOST=0.3
Ambiguous match,ele_13,fac_13,Sri Karnataka Lodging 13 Enterprises,M/s Karnataka Lodging 13 LLP,electricity,factories,0.8692,0.7307,Strong behavioural pattern but weak identifiers,weighted_fellegi_sunter|behavioural_lag_boost_lag=-4_days_cycles=3,PAN=0.35 GSTIN=0.0 NAME=0.1192 ADDR=0.05 PIN=0.05 PH=0.0 BOOST=0.3
Ambiguous match,ele_54,pol_54_dup,M/s Kaveri Restaurant 54,Kaveri Restaurant 54,electricity,pollution,0.8692,0.7307,Strong behavioural pattern but weak identifiers,weighted_fellegi_sunter|behavioural_lag_boost_lag=0_days_cycles=5,PAN=0.35 GSTIN=0.0 NAME=0.1192 ADDR=0.05 PIN=0.05 PH=0.0 BOOST=0.3
Ambiguous match,pol_35,sho_35,Kaveri Baker y35 Pvt Ltd,Sri Kaveri Bakery 35 Bakerys,pollution,shops,0.8881,0.7303,Strong behavioural pattern but weak identifiers,weighted_fellegi_sunter|behavioural_lag_boost_lag=0_days_cycles=3,PAN=0.0 GSTIN=0.3 NAME=0.1381 ADDR=0.1 PIN=0.05 PH=0.0 BOOST=0.3
Ambiguous match,fac_74,sho_74,Shri Royal Restaurant 74 Restaurants,Sri Royal Restaurant 74 Traders,factories,shops,0.8884,0.7301,Strong behavioural pattern but weak identifiers,weighted_fellegi_sunter|behavioural_lag_boost_lag=0_days_cycles=3,PAN=0.0 GSTIN=0.3 NAME=0.1384 ADDR=0.1 PIN=0.05 PH=0.0 BOOST=0.3
Ambiguous match,fac_19,sho_19,Bharath Restaurant 19 Pvt Ltd,M/s Bharath Restaurant 19 LLP,factories,shops,0.8706,0.7299,Strong behavioural pattern but weak identifiers,weighted_fellegi_sunter|behavioural_lag_boost_lag=0_days_cycles=3,PAN=0.35 GSTIN=0.0 NAME=0.1206 ADDR=0.05 PIN=0.05 PH=0.0 BOOST=0.3
Ambiguous match,fac_13,pol_13_dup,M/s Karnataka Lodging 13 LLP,M/s Karnataka Lodging 13 LPL,factories,pollution,0.8707,0.7299,Strong behavioural pattern but weak identifiers,weighted_fellegi_sunter|behavioural_lag_boost_lag=2_days_cycles=5,PAN=0.35 GSTIN=0.0 NAME=0.1457 ADDR=0.025 PIN=0.05 PH=0.0 BOOST=0.3
Ambiguous match,ele_21,fac_21,Shree DurgaR etail 21,M/s Shree Durga Retail 21 Pvt Ltd,electricity,factories,0.8706,0.7299,Strong behavioural pattern but weak identifiers,weighted_fellegi_sunter|behavioural_lag_boost_lag=-4_days_cycles=4,PAN=0.35 GSTIN=0.0 NAME=0.1206 ADDR=0.05 PIN=0.05 PH=0.0 BOOST=0.3
Ambiguous match,fac_19,sho_19_dup,Bharath Restaurant 19 Pvt Ltd,M/s Bharath Restaurant 19 LLP,factories,shops,0.8706,0.7299,Strong behavioural pattern but weak identifiers,weighted_fellegi_sunter|behavioural_lag_boost_lag=0_days_cycles=3,PAN=0.35 GSTIN=0.0 NAME=0.1206 ADDR=0.05 PIN=0.05 PH=0.0 BOOST=0.3
Ambiguous match,fac_72,pol_72,Navarasa Fabrication 72 Fabrications,Navarasa Fabrication 72 LLP,factories,pollution,0.8892,0.7297,Strong behavioural pattern but weak identifiers,weighted_fellegi_sunter|behavioural_lag_boost_lag=2_days_cycles=6,PAN=0.0 GSTIN=0.3 NAME=0.1392 ADDR=0.1 PIN=0.05 PH=0.0 BOOST=0.3
Ambiguous match,ele_27,sho_27,Chamundi Fabrication 27 Fabrications,Sri Chamundi Fabrication 27 Traders,electricity,shops,0.8892,0.7297,Strong behavioural pattern but weak identifiers,weighted_fellegi_sunter|behavioural_lag_boost_lag=-2_days_cycles=3,PAN=0.0 GSTIN=0.3 NAME=0.1392 ADDR=0.1 PIN=0.05 PH=0.0 BOOST=0.3
Ambiguous match,ele_4,sho_4,Shri Basaveshwara Restaurant 4 Traders,M/s Basaveshwara Restaurant 4 Traders,electricity,shops,0.8711,0.7296,Strong behavioural pattern but weak identifiers,weighted_fellegi_sunter|behavioural_lag_boost_lag=-2_days_cycles=3,PAN=0.35 GSTIN=0.0 NAME=0.1211 ADDR=0.05 PIN=0.05 PH=0.0 BOOST=0.3
Ambiguous match,fac_70,sho_70,M/s Kaveri Bakery 70,Kaevri Bakery 70,factories,shops,0.8713,0.7295,Strong behavioural pattern but weak identifiers,weighted_fellegi_sunter|behavioural_lag_boost_lag=0_days_cycles=3,PAN=0.35 GSTIN=0.0 NAME=0.1212 ADDR=0.05 PIN=0.05 PH=0.0 BOOST=0.3
Ambiguous match,fac_80,sho_80,Sri Metro Bakery 80 Bakerys,Shri Metro Bakery 80 Enterprises,factories,shops,0.8896,0.7295,Strong behavioural pattern but weak identifiers,weighted_fellegi_sunter|behavioural_lag_boost_lag=0_days_cycles=4,PAN=0.0 GSTIN=0.3 NAME=0.1396 ADDR=0.1 PIN=0.05 PH=0.0 BOOST=0.3
Ambiguous match,fac_35,sho_35,Sri Kaveri Bakery 35,Sri Kaveri Bakery 35 Bakerys,factories,shops,0.89,0.7292,Strong behavioural pattern but weak identifiers,weighted_fellegi_sunter|behavioural_lag_boost_lag=0_days_cycles=3,PAN=0.0 GSTIN=0.3 NAME=0.14 ADDR=0.1 PIN=0.05 PH=0.0 BOOST=0.3
Ambiguous match,fac_62_dup,pol_62,Sri Basaveshwara Fabrication 62 Fabrications,Sri Basaveshwara Fabrication 62 Pvt Ltd,factories,pollution,0.8902,0.7291,Strong behavioural pattern but weak identifiers,weighted_fellegi_sunter|behavioural_lag_boost_lag=2_days_cycles=3,PAN=0.0 GSTIN=0.3 NAME=0.1402 ADDR=0.1 PIN=0.05 PH=0.0 BOOST=0.3
Ambiguous match,fac_10,sho_10,Shri Classic Bakery 10,Classic Bakery 10 Bakerys,factories,shops,0.8904,0.729,Strong behavioural pattern but weak identifiers,weighted_fellegi_sunter|behavioural_lag_boost_lag=0_days_cycles=4,PAN=0.0 GSTIN=0.3 NAME=0.1404 ADDR=0.1 PIN=0.05 PH=0.0 BOOST=0.3
Ambiguous match,pol_10,sho_10,Classic Bakery 10 Traders,Classic Bakery 10 Bakerys,pollution,shops,0.8904,0.729,Strong behavioural pattern but weak identifiers,weighted_fellegi_sunter|behavioural_lag_boost_lag=0_days_cycles=5,PAN=0.0 GSTIN=0.3 NAME=0.1404 ADDR=0.1 PIN=0.05 PH=0.0 BOOST=0.3
Ambiguous match,fac_38,sho_38,Sri Sampoorna Lodging 38 Lodgings,Sri Sampoorna Lodging 38 LLP,factories,shops,0.8907,0.7289,Strong behavioural pattern but weak identifiers,weighted_fellegi_sunter|behavioural_lag_boost_lag=0_days_cycles=5,PAN=0.0 GSTIN=0.3 NAME=0.1407 ADDR=0.1 PIN=0.05 PH=0.0 BOOST=0.3
Ambiguous match,ele_38,pol_38,Sri Sampoorna Lodging 38 Lodgings,Shri Sampoorna Lodging 38,electricity,pollution,0.8907,0.7289,Strong behavioural pattern but weak identifiers,weighted_fellegi_sunter|behavioural_lag_boost_lag=0_days_cycles=3,PAN=0.0 GSTIN=0.3 NAME=0.1407 ADDR=0.1 PIN=0.05 PH=0.0 BOOST=0.3
Ambiguous match,ele_38,sho_38,Sri Sampoorna Lodging 38 Lodgings,Sri Sampoorna Lodging 38 LLP,electricity,shops,0.8907,0.7289,Strong behavioural pattern but weak identifiers,weighted_fellegi_sunter|behavioural_lag_boost_lag=-2_days_cycles=3,PAN=0.0 GSTIN=0.3 NAME=0.1407 ADDR=0.1 PIN=0.05 PH=0.0 BOOST=0.3
Ambiguous match,fac_38,pol_38,Sri Sampoorna Lodging 38 Lodgings,Shri Sampoorna Lodging 38,factories,pollution,0.8907,0.7289,Strong behavioural pattern but weak identifiers,weighted_fellegi_sunter|behavioural_lag_boost_lag=2_days_cycles=4,PAN=0.0 GSTIN=0.3 NAME=0.1407 ADDR=0.1 PIN=0.05 PH=0.0 BOOST=0.3
Ambiguous match,pol_26,sho_26,M/s Metro Retail 26 Enterprises,M/s Metro Retail 26 Retails,pollution,shops,0.8911,0.7286,Strong behavioural pattern but weak identifiers,weighted_fellegi_sunter|behavioural_lag_boost_lag=0_days_cycles=5,PAN=0.0 GSTIN=0.3 NAME=0.1411 ADDR=0.1 PIN=0.05 PH=0.0 BOOST=0.3
Ambiguous match,ele_18,pol_18,M/s Kaveri Lodging 18 Traders,M/s Kaveri Lodging 18 PvtL td,electricity,pollution,0.8917,0.7283,Strong behavioural pattern but weak identifiers,weighted_fellegi_sunter|behavioural_lag_boost_lag=0_days_cycles=4,PAN=0.0 GSTIN=0.3 NAME=0.1417 ADDR=0.1 PIN=0.05 PH=0.0 BOOST=0.3
Ambiguous match,ele_37,fac_37,Shri Kaveri Fbarication 37,Shri Kaveri Fabrication 37 Traders,electricity,factories,0.893,0.7276,Strong behavioural pattern but weak identifiers,weighted_fellegi_sunter|behavioural_lag_boost_lag=-4_days_cycles=4,PAN=0.0 GSTIN=0.3 NAME=0.1486 ADDR=0.0444 PIN=0.05 PH=0.05 BOOST=0.3
Ambiguous match,ele_2,sho_2,Sri Karnataka Fabrication 2,Shri Karnataka Fabrication 2 LLP,electricity,shops,0.8944,0.7268,Strong behavioural pattern but weak identifiers,weighted_fellegi_sunter|behavioural_lag_boost_lag=-2_days_cycles=4,PAN=0.0 GSTIN=0.3 NAME=0.15 ADDR=0.0444 PIN=0.05 PH=0.05 BOOST=0.3
Ambiguous match,ele_80,sho_80,Sri Metro Bakery 80 Traders,Shri Metro Bakery 80 Enterprises,electricity,shops,0.8944,0.7268,Strong behavioural pattern but weak identifiers,weighted_fellegi_sunter|behavioural_lag_boost_lag=-2_days_cycles=3,PAN=0.0 GSTIN=0.3 NAME=0.15 ADDR=0.0444 PIN=0.05 PH=0.05 BOOST=0.3
Ambiguous match,fac_37,sho_37,Shri Kaveri Fabrication 37 Traders,Kaveri Fabrication 37 Pvt Ltd,factories,shops,0.8944,0.7268,Strong behavioural pattern but weak identifiers,weighted_fellegi_sunter|behavioural_lag_boost_lag=0_days_cycles=4,PAN=0.0 GSTIN=0.3 NAME=0.15 ADDR=0.0444 PIN=0.05 PH=0.05 BOOST=0.3
Ambiguous match,pol_3,sho_3,Shri Navarasa Lodging 3 LLP,Navarasa Lodging 3,pollution,shops,0.8944,0.7268,Strong behavioural pattern but weak identifiers,weighted_fellegi_sunter|behavioural_lag_boost_lag=0_days_cycles=3,PAN=0.0 GSTIN=0.3 NAME=0.15 ADDR=0.0444 PIN=0.05 PH=0.05 BOOST=0.3
Ambiguous match,fac_65,pol_65,Sri Cauvery Bakery 65 Traders,Sri Cauvery Bakery 65 Enterprises,factories,pollution,0.8944,0.7268,Strong behavioural pattern but weak identifiers,weighted_fellegi_sunter|behavioural_lag_boost_lag=2_days_cycles=4,PAN=0.0 GSTIN=0.3 NAME=0.15 ADDR=0.0444 PIN=0.05 PH=0.05 BOOST=0.3
Ambiguous match,ele_58,pol_58,Sri Hoysala Lodging 58 Traders,Shri Hoysala Lodging 58 Lodgings,electricity,pollution,0.8775,0.7261,Strong behavioural pattern but weak identifiers,weighted_fellegi_sunter|behavioural_lag_boost_lag=0_days_cycles=3,PAN=0.35 GSTIN=0.0 NAME=0.14 ADDR=0.0375 PIN=0.05 PH=0.0 BOOST=0.3
Ambiguous match,pol_50,sho_50,Pragathi Bakery 50 Pvt Ltd,Shri Pragathi Bakery 50 Bakerys,pollution,shops,0.8783,0.7257,Strong behavioural pattern but weak identifiers,weighted_fellegi_sunter|behavioural_lag_boost_lag=0_days_cycles=3,PAN=0.35 GSTIN=0.0 NAME=0.1408 ADDR=0.0375 PIN=0.05 PH=0.0 BOOST=0.3
Ambiguous match,ele_77,fac_77,M/s Udupi Fabrication 77 Traders,Srhi Udupi Fabrication 77 Pvt Ltd,electricity,factories,0.8785,0.7256,Strong behavioural pattern but weak identifiers,weighted_fellegi_sunter|behavioural_lag_boost_lag=-4_days_cycles=3,PAN=0.35 GSTIN=0.0 NAME=0.1285 ADDR=0.05 PIN=0.05 PH=0.0 BOOST=0.3
Ambiguous match,pol_3,pol_3_dup,Shri Navarasa Lodging 3 LLP,Shri Navraasa Lodging 3 LLP,pollution,pollution,0.8981,0.7248,Strong behavioural pattern but weak identifiers,weighted_fellegi_sunter|behavioural_lag_boost_lag=0_days_cycles=4,PAN=0.0 GSTIN=0.3 NAME=0.1481 ADDR=0.05 PIN=0.05 PH=0.05 BOOST=0.3
Ambiguous match,ele_3_dup,pol_3,Sri Navarsaa Lodging 3 Pvt Ltd,Shri Navarasa Lodging 3 LLP,electricity,pollution,0.8983,0.7247,Strong behavioural pattern but weak identifiers,weighted_fellegi_sunter|behavioural_lag_boost_lag=0_days_cycles=3,PAN=0.0 GSTIN=0.3 NAME=0.1483 ADDR=0.05 PIN=0.05 PH=0.05 BOOST=0.3
Ambiguous match,ele_39,fac_39,Shri MandyaR estaurant 39 Pvt Ltd,Mandya Restaurant 39 Traders,electricity,factories,0.8985,0.7246,Strong behavioural pattern but weak identifiers,weighted_fellegi_sunter|behavioural_lag_boost_lag=-4_days_cycles=4,PAN=0.0 GSTIN=0.3 NAME=0.1485 ADDR=0.1 PIN=0.05 PH=0.0 BOOST=0.3
Ambiguous match,fac_72,fac_72_dup,Navarasa Fabrication 72 Fabrications,Navaraas Fabrication 72 Fabrications,factories,factories,0.8992,0.7242,Strong behavioural pattern but weak identifiers,weighted_fellegi_sunter|behavioural_lag_boost_lag=0_days_cycles=6,PAN=0.0 GSTIN=0.3 NAME=0.1492 ADDR=0.05 PIN=0.05 PH=0.05 BOOST=0.3
Ambiguous match,ele_47,sho_47,Sri Aditya Fabrication 47 Pvt Ltd,Shri Aditya Fabrication 47 Enterprises,electricity,shops,0.9,0.7238,Strong behavioural pattern but weak identifiers,weighted_fellegi_sunter|behavioural_lag_boost_lag=-2_days_cycles=4,PAN=0.0 GSTIN=0.3 NAME=0.15 ADDR=0.05 PIN=0.05 PH=0.05 BOOST=0.3
Ambiguous match,fac_10,pol_10_dup,Shri Classic Bakery 10,Classic Bakery 10 Traders,factories,pollution,0.9,0.7238,Strong behavioural pattern but weak identifiers,weighted_fellegi_sunter|behavioural_lag_boost_lag=2_days_cycles=3,PAN=0.0 GSTIN=0.3 NAME=0.15 ADDR=0.05 PIN=0.05 PH=0.05 BOOST=0.3
Ambiguous match,ele_15,pol_15,Navarasa Bakery 15 Traders,Navarasa Bakery 15 Pvt Ltd,electricity,pollution,0.9,0.7238,Strong behavioural pattern but weak identifiers,weighted_fellegi_sunter|behavioural_lag_boost_lag=0_days_cycles=3,PAN=0.0 GSTIN=0.3 NAME=0.15 ADDR=0.05 PIN=0.05 PH=0.05 BOOST=0.3
Ambiguous match,ele_3,pol_3,Sri Navarasa Lodging 3 Pvt Ltd,Shri Navarasa Lodging 3 LLP,electricity,pollution,0.9,0.7238,Strong behavioural pattern but weak identifiers,weighted_fellegi_sunter|behavioural_lag_boost_lag=0_days_cycles=3,PAN=0.0 GSTIN=0.3 NAME=0.15 ADDR=0.05 PIN=0.05 PH=0.05 BOOST=0.3
Ambiguous match,fac_11_dup,sho_11,Kaveri Retail 11,Shri KaveriR etail 11 Retails,factories,shops,0.8826,0.7233,Strong behavioural pattern but weak identifiers,weighted_fellegi_sunter|behavioural_lag_boost_lag=0_days_cycles=5,PAN=0.35 GSTIN=0.0 NAME=0.1381 ADDR=0.0444 PIN=0.05 PH=0.0 BOOST=0.3
Ambiguous match,fac_16,sho_16,Royal Retail 16 Retails,Shri Royal Retail 16,factories,shops,0.884,0.7226,Strong behavioural pattern but weak identifiers,weighted_fellegi_sunter|behavioural_lag_boost_lag=0_days_cycles=3,PAN=0.35 GSTIN=0.0 NAME=0.1396 ADDR=0.0444 PIN=0.05 PH=0.0 BOOST=0.3
Ambiguous match,fac_11_dup,pol_11,Kaveri Retail 11,Sri Kaveri Retail 11 Retails,factories,pollution,0.8844,0.7223,Strong behavioural pattern but weak identifiers,weighted_fellegi_sunter|behavioural_lag_boost_lag=2_days_cycles=4,PAN=0.35 GSTIN=0.0 NAME=0.14 ADDR=0.0444 PIN=0.05 PH=0.0 BOOST=0.3
Ambiguous match,fac_5,sho_5,Sri Sahyadri Bakery 5 Bakerys,Sahyadri Bakery 5 Enterprises,factories,shops,0.8848,0.7221,Strong behavioural pattern but weak identifiers,weighted_fellegi_sunter|behavioural_lag_boost_lag=0_days_cycles=3,PAN=0.35 GSTIN=0.0 NAME=0.1404 ADDR=0.0444 PIN=0.05 PH=0.0 BOOST=0.3
Ambiguous match,pol_39,sho_39,Sri Mandya Restaurant 39 Traders,Shri Mandya Restauratn 39 LLP,pollution,shops,0.886,0.7214,Strong behavioural pattern but weak identifiers,weighted_fellegi_sunter|behavioural_lag_boost_lag=0_days_cycles=4,PAN=0.35 GSTIN=0.0 NAME=0.1485 ADDR=0.0375 PIN=0.05 PH=0.0 BOOST=0.3
Ambiguous match,fac_11,sho_11,Kaveri Retail 11,Shri KaveriR etail 11 Retails,factories,shops,0.8881,0.7203,Strong behavioural pattern but weak identifiers,weighted_fellegi_sunter|behavioural_lag_boost_lag=0_days_cycles=5,PAN=0.35 GSTIN=0.0 NAME=0.1381 ADDR=0.05 PIN=0.05 PH=0.0 BOOST=0.3
Ambiguous match,fac_11,pol_11,Kaveri Retail 11,Sri Kaveri Retail 11 Retails,factories,pollution,0.89,0.7192,Strong behavioural pattern but weak identifiers,weighted_fellegi_sunter|behavioural_lag_boost_lag=2_days_cycles=4,PAN=0.35 GSTIN=0.0 NAME=0.14 ADDR=0.05 PIN=0.05 PH=0.0 BOOST=0.3
Ambiguous match,ele_19_dup,fac_19,Shri hBarath Restaurant 19 Pvt Ltd,Bharath Restaurant 19 Pvt Ltd,electricity,factories,0.8921,0.7181,Strong behavioural pattern but weak identifiers,weighted_fellegi_sunter|behavioural_lag_boost_lag=-4_days_cycles=3,PAN=0.35 GSTIN=0.0 NAME=0.1476 ADDR=0.0444 PIN=0.05 PH=0.0 BOOST=0.3
Ambiguous match,fac_13,pol_13,M/s Karnataka Lodging 13 LLP,M/s Karnataka Lodging 13 LPL,factories,pollution,0.8957,0.7161,Strong behavioural pattern but weak identifiers,weighted_fellegi_sunter|behavioural_lag_boost_lag=2_days_cycles=5,PAN=0.35 GSTIN=0.0 NAME=0.1457 ADDR=0.05 PIN=0.05 PH=0.0 BOOST=0.3
Ambiguous match,fac_5,pol_5,Sri Sahyadri Bakery 5 Bakerys,M/s Sahyadri Bakery 5 LLP,factories,pollution,0.9039,0.7116,Strong behavioural pattern but weak identifiers,weighted_fellegi_sunter|behavioural_lag_boost_lag=2_days_cycles=5,PAN=0.35 GSTIN=0.0 NAME=0.1039 ADDR=0.1 PIN=0.05 PH=0.0 BOOST=0.3
Ambiguous match,ele_68,fac_68,Shri Bharath Lodging 68 Lodgings,M/s Bharath Lodging 68 LLP,electricity,factories,0.9047,0.7112,Strong behavioural pattern but weak identifiers,weighted_fellegi_sunter|behavioural_lag_boost_lag=-4_days_cycles=5,PAN=0.35 GSTIN=0.0 NAME=0.1047 ADDR=0.1 PIN=0.05 PH=0.0 BOOST=0.3
Ambiguous match,pol_61,sho_61,Shri Basaveshwara Retail 61 Retails,M/s Basaveshwara Retail 61 Pvt Ltd,pollution,shops,0.9087,0.709,Strong behavioural pattern but weak identifiers,weighted_fellegi_sunter|behavioural_lag_boost_lag=0_days_cycles=3,PAN=0.35 GSTIN=0.0 NAME=0.1087 ADDR=0.1 PIN=0.05 PH=0.0 BOOST=0.3
